,,,Frames,Time,Calcium,Diameter
FPS,3.902,,,,,
Frame Avg,2,,,,,
Hz,1.951,,,,,
# Frames,600,,,,,
s/frame,0.512,,,,,
Total time (s),307.2,,,,,
Total time (min),5.12,,,,,
Pixel res,256,,,,,
Zoom,2,,,,,
Pixels/um,0.855,,,,,
,,,1,0,-0.056736112,95.19263006
,,,2,0.5125,0.104484483,100.4757752
,,,3,1.025,0.072578495,95.96521296
,,,4,1.5375,-0.053701544,89.87926122
,,,5,2.05,0.07635,101.6986963
,,,6,2.5626,0.109859899,90.11295219
,,,7,3.0751,-0.042907261,82.46079452
,,,8,3.5876,-0.077197548,93.4984984
,,,9,4.1001,0.034083217,95.99642469
,,,10,4.6126,-0.055869138,84.95880021
,,,11,5.1251,-0.02587051,90.1005222
,,,12,5.6376,-0.019498002,98.06529117
,,,13,6.1501,-0.017894013,88.53167854
,,,14,6.6627,0.086103819,92.62132357
,,,15,7.1752,0.050166249,88.25759228
,,,16,7.6877,0.027580671,97.24449683
,,,17,8.2002,-0.066273227,100.819263
,,,18,8.7127,0.048779043,86.11452516
,,,19,9.2252,0.110987029,93.72058863
,,,20,9.7377,0.035817245,80.56229573
,,,21,10.25,0.06685618,94.04067205
,,,22,10.763,-0.032806621,96.00806072
,,,23,11.275,-0.064365788,88.96754882
,,,24,11.788,0.075179498,99.12310234
,,,25,12.3,-0.105288658,88.4779799
,,,26,12.813,-0.099046189,92.10790035
,,,27,13.325,-0.112268142,94.02974177
,,,28,13.838,-0.078844909,83.25452341
,,,29,14.35,-0.046722138,93.24251459
,,,30,14.863,0.113154544,106.5382873
,,,31,15.375,-0.000553812,92.89865627
,,,32,15.888,0.05562841,96.41855052
,,,33,16.4,0.004171333,91.07210854
,,,34,16.913,0.069890748,94.4781038
,,,35,17.425,0.07890763,112.5554109
,,,36,17.938,0.020991381,88.27484783
,,,37,18.45,-0.071692015,105.2284092
,,,38,18.963,0.034950192,93.09204018
,,,39,19.475,-0.050970503,88.64906216
,,,40,19.988,-0.010047633,103.2096509
,,,41,20.5,0.090655632,95.96878581
,,,42,21.013,0.001006805,97.18911321
,,,43,21.526,0.023679128,97.00073129
,,,44,22.038,-0.001160789,89.11789972
,,,45,22.551,-0.047459075,90.4679437
,,,46,23.063,-0.064582571,91.02409999
,,,47,23.576,0.032565972,97.20243422
,,,48,24.088,-0.051317324,92.56354923
,,,49,24.601,-0.016073319,95.38383498
,,,50,25.113,0.040499097,89.03383625
,,,51,25.626,0.005688657,95.89434699
,,,52,26.138,0.160363256,94.4046442
,,,53,26.651,0.031655625,95.39969668
,,,54,27.163,0.185896737,97.55245901
,,,55,27.676,0.008159621,100.9227434
,,,56,28.188,0.086884127,99.07031235
,,,57,28.701,0.144063441,90.80292723
,,,58,29.213,0.067766605,86.91580556
,,,59,29.726,-0.042473774,95.46773966
,,,60,30.238,0.047218425,89.51923244
,,,61,30.751,-0.014035842,93.65116062
,,,62,31.263,-0.039439284,88.22193433
,,,63,31.776,0.195173774,93.7718348
,,,64,32.288,0.058966427,86.06290848
,,,65,32.801,0.028924505,95.40529855
,,,66,33.313,0.047261798,93.5930687
,,,67,33.826,-0.054958712,96.83427168
,,,68,34.338,-0.022402532,82.98365713
,,,69,34.851,0.150305988,93.46289338
,,,70,35.363,-0.011868327,93.65266916
,,,71,35.876,-0.002201174,90.74255044
,,,72,36.388,0.05788267,93.53148331
,,,73,36.901,0.146404445,94.93919577
,,,74,37.413,0.089095015,105.2436181
,,,75,37.926,-0.013038829,102.5798233
,,,76,38.438,0.09945581,91.41762536
,,,77,38.951,0.017176504,98.07933557
,,,78,39.463,0.018910532,100.7638529
,,,79,39.976,0.042536574,107.8456864
,,,80,40.488,0.100322785,97.99236971
,,,81,41.001,-0.000770595,103.7472019
,,,82,41.513,0.006989119,98.18698868
,,,83,42.026,-0.060854439,89.46875377
,,,84,42.538,0.074789383,98.21087827
,,,85,43.051,-0.043427493,102.2409669
,,,86,43.564,0.060830493,103.7787665
,,,87,44.076,-0.048109345,89.57541884
,,,88,44.589,0.124035572,101.9989217
,,,89,45.101,0.128804089,88.27961163
,,,90,45.614,0.184422785,95.23658937
,,,91,46.126,0.006165517,95.73760907
,,,92,46.639,-0.057386383,101.0597204
,,,93,47.151,0.060223595,92.41781216
,,,94,47.664,0.019083942,109.2506465
,,,95,48.176,0.110336759,99.21394981
,,,96,48.689,0.139294923,101.8955736
,,,97,49.201,-0.009960888,101.838558
,,,98,49.714,-0.058860255,97.21376148
,,,99,50.226,0.069240478,96.36557527
,,,100,50.739,0.050296288,106.8190429
,,,101,51.251,0.039241928,96.1895263
,,,102,51.764,0.080294837,106.1462528
,,,103,52.276,-0.095318057,100.1193634
,,,104,52.789,-0.05604247,98.55170187
,,,105,53.301,0.043576959,99.84318637
,,,106,53.814,-0.055695727,103.456063
,,,107,54.326,-0.002894738,105.8397198
,,,108,54.839,-0.072992555,113.2216022
,,,109,55.351,-0.001724314,98.8833331
,,,110,55.864,0.002957537,107.6400578
,,,111,56.376,0.122821697,96.41897397
,,,112,56.889,0.010240471,100.9748982
,,,113,57.401,0.01262469,113.8143869
,,,114,57.914,-0.080752269,104.0290249
,,,115,58.426,-0.100086653,103.7136436
,,,116,58.939,-0.023052724,98.7404102
,,,117,59.451,-0.133683297,104.1517811
,,,118,59.964,0.012451279,96.71073923
,,,119,60.476,-0.005148998,99.43072047
,,,120,60.989,-0.000987378,95.5701967
,,,121,61.501,0.018477044,106.594659
,,,122,62.014,-0.051794184,103.1650035
,,,123,62.526,-0.050537016,102.0135924
,,,124,63.039,-0.023356252,110.8707716
,,,125,63.551,-0.051143914,99.54163767
,,,126,64.064,-0.038312154,105.4527667
,,,127,64.577,-0.008963875,107.4524963
,,,128,65.089,0.106001728,103.3901196
,,,129,65.602,0.043186844,113.4719665
,,,130,66.114,-0.030682478,95.59132504
,,,131,66.627,0.050469698,89.57126374
,,,132,67.139,-0.006189383,96.29237151
,,,133,67.652,-0.093063876,93.80995404
,,,134,68.164,-0.115129222,91.80793076
,,,135,68.677,-0.070304808,95.86659343
,,,136,69.189,-0.07082504,95.06421912
,,,137,69.702,-0.025697178,101.2621379
,,,138,70.214,0.047348464,100.2586252
,,,139,70.727,-0.053398095,101.6712691
,,,140,71.239,-0.032373134,101.7273673
,,,141,71.752,-0.066533303,91.91404887
,,,142,72.264,-0.04416443,94.10493045
,,,143,72.777,-0.026130665,92.23793451
,,,144,73.289,-0.061548003,102.2093671
,,,145,73.802,-0.068484114,94.89624215
,,,146,74.314,-0.027344461,87.17923502
,,,147,74.827,-0.026477486,94.92239895
,,,148,75.339,-0.025653805,88.58849129
,,,149,75.852,0.018303634,96.26218312
,,,150,76.364,-0.039092463,96.95280215
,,,151,76.877,-0.048629577,91.69830155
,,,152,77.389,-0.024526675,97.37378996
,,,153,77.902,-0.044641289,101.8467711
,,,154,78.414,0.057449182,100.1486608
,,,155,78.927,0.03204574,96.81562228
,,,156,79.439,0.065035486,98.80430691
,,,157,79.952,-0.031896274,103.3191654
,,,158,80.464,0.055281588,98.62209146
,,,159,80.977,0.070237569,106.7004154
,,,160,81.489,0.006425593,99.04884877
,,,161,82.002,0.025889937,102.2067999
,,,162,82.514,0.044097191,101.9107296
,,,163,83.027,0.018000185,98.59612874
,,,164,83.539,-0.026824229,101.0373217
,,,165,84.052,0.102837121,95.91149668
,,,166,84.564,0.112417608,100.3655814
,,,167,85.077,0.13378939,106.3399896
,,,168,85.59,0.038678403,93.81253002
,,,169,86.102,0.024849552,96.07725936
,,,170,86.615,0.024632769,92.32220088
,,,171,87.127,-0.00519237,103.4312383
,,,172,87.64,0.109816605,104.9293395
,,,173,88.152,0.076610077,110.6736207
,,,174,88.665,0.117923141,92.94123055
,,,175,89.177,0.0325226,92.91689104
,,,176,89.69,-0.114609068,101.2187784
,,,177,90.202,-0.012301814,96.69322784
,,,178,90.715,-0.055869138,99.6959143
,,,179,91.227,-0.043947725,107.4383019
,,,180,91.74,0.045917885,107.8162038
,,,181,92.252,0.036294104,100.1978338
,,,182,92.765,0.077433758,101.3813035
,,,183,93.277,-0.135113876,106.2549116
,,,184,93.79,-0.044381213,102.5324058
,,,185,94.302,0.057189027,103.6123775
,,,186,94.815,-0.031419415,95.17687423
,,,187,95.327,-0.072038836,90.8766162
,,,188,95.84,-0.109363612,100.814067
,,,189,96.352,-0.039309167,108.013981
,,,190,96.865,-0.034020417,106.350964
,,,191,97.377,-0.071908798,94.4524322
,,,192,97.89,0.024199281,105.8144981
,,,193,98.402,-0.042213697,103.2476555
,,,194,98.915,0.092693109,109.4233167
,,,195,99.427,0.084413163,103.9909674
,,,196,99.94,-0.000944006,109.1054916
,,,197,100.45,-0.096054993,105.4162707
,,,198,100.96,-0.054178403,108.3809702
,,,199,101.48,-0.012865418,106.4900935
,,,200,101.99,-0.019064515,102.1519015
,,,201,102.5,-0.103077849,102.9733575
,,,202,103.01,-0.101733937,110.5509881
,,,203,103.53,-0.060247541,101.7091149
,,,204,104.04,-0.029772053,95.19128032
,,,205,104.55,-0.034020417,96.95289919
,,,206,105.06,-0.120027856,101.5194626
,,,207,105.58,-0.144781028,101.8357438
,,,208,106.09,-0.131949269,96.96821393
,,,209,106.6,-0.087645009,108.9488419
,,,210,107.12,0.024286026,100.8481017
,,,211,107.63,0.020384483,102.8265971
,,,212,108.14,0.068200092,103.8629535
,,,213,108.65,0.035297013,103.8578456
,,,214,109.17,0.063518241,100.9741395
,,,215,109.68,-0.009310618,102.0095344
,,,216,110.19,0.053027407,111.0926236
,,,217,110.7,-0.001074044,98.46944688
,,,218,111.22,-0.069004346,111.7650432
,,,219,111.73,0.052333764,98.66800041
,,,220,112.24,-0.03055244,109.3905964
,,,221,112.75,0.003044282,105.6959323
,,,222,113.27,-0.036361343,109.7155495
,,,223,113.78,-0.011304801,108.0444781
,,,224,114.29,-0.049063064,108.2485012
,,,225,114.8,0.006815708,105.9741384
,,,226,115.32,0.023245562,103.8641709
,,,227,115.83,0.031525508,108.6032457
,,,228,116.34,-0.044251174,113.4665852
,,,229,116.85,-0.048889654,104.0076407
,,,230,117.37,0.015962708,101.887087
,,,231,117.88,-0.021578851,104.467136
,,,232,118.39,0.024892924,103.4706808
,,,233,118.9,-0.010741197,104.0869581
,,,234,119.42,0.038938479,109.2549603
,,,235,119.93,0.023462345,101.162892
,,,236,120.44,0.069023773,115.1600552
,,,237,120.95,0.04327351,107.7286116
,,,238,121.47,0.042319791,101.2012582
,,,239,121.98,-0.056345997,106.5547048
,,,240,122.49,-0.015032933,96.72189005
,,,241,123,0.022248549,107.8646799
,,,242,123.52,-0.028948451,106.2664859
,,,243,124.03,-0.022922686,111.2774944
,,,244,124.54,0.101493287,108.0943657
,,,245,125.05,-0.015899908,97.52985742
,,,246,125.57,0.165435302,111.0062312
,,,247,126.08,0.049559351,120.9440083
,,,248,126.59,-0.060160796,112.3791767
,,,249,127.1,0.041192739,99.50755884
,,,250,127.62,0.052853996,114.3026237
,,,251,128.13,0.019820878,94.97493311
,,,252,128.64,0.023375679,106.1359048
,,,253,129.15,-0.17191842,113.5450732
,,,254,129.67,-0.03471406,101.8673966
,,,255,130.18,0.008853185,111.2316561
,,,256,130.69,0.135263341,88.59621041
,,,257,131.2,-0.084653813,108.6846361
,,,258,131.72,-0.123322502,85.31290071
,,,259,132.23,-0.052314337,102.7913008
,,,260,132.74,-0.041173312,103.4739361
,,,261,133.25,-0.099653087,105.2610413
,,,262,133.77,-0.075203443,108.1248364
,,,263,134.28,-0.080318782,110.482751
,,,264,134.79,0.106738665,115.5744884
,,,265,135.3,-0.042040287,112.1338938
,,,266,135.82,0.065989205,111.5070391
,,,267,136.33,-0.047675858,106.8050514
,,,268,136.84,0.03044175,110.4238387
,,,269,137.35,-0.072689106,109.2258482
,,,270,137.87,0.059703363,107.5572294
,,,271,138.38,-0.016983666,106.6672893
,,,272,138.89,-0.100129947,105.6215376
,,,273,139.4,-0.164462155,115.8037243
,,,274,139.92,-0.159260071,86.23115892
,,,275,140.43,-0.044641289,109.5275028
,,,276,140.94,-0.121111614,113.4434366
,,,277,141.45,0.016743016,89.88725382
,,,278,141.97,-0.088988922,92.81266081
,,,279,142.48,-0.12778757,79.49455116
,,,280,142.99,-0.141573049,104.6015193
,,,281,143.5,0.029184582,111.7132589
,,,282,144.02,0.017870146,84.28190799
,,,283,144.53,0.00187378,107.7416767
,,,284,145.04,-0.040132848,105.1986443
,,,285,145.55,-0.038138743,88.61598902
,,,286,146.07,-0.121588474,104.4459547
,,,287,146.58,0.140942206,96.24049017
,,,288,147.09,-0.049756707,108.1687693
,,,289,147.6,0.012061164,92.05959186
,,,290,148.12,-0.055348906,117.7866306
,,,291,148.63,-0.043080672,108.8673633
,,,292,149.14,0.04921253,104.2916251
,,,293,149.65,-0.090462794,110.6950843
,,,294,150.17,-0.049453258,103.638499
,,,295,150.68,-0.012865418,103.116298
,,,296,151.19,0.077867245,87.047163
,,,297,151.7,0.024676141,119.5762236
,,,298,152.22,0.047565247,96.90807534
,,,299,152.73,-0.012778674,98.75792159
