,,,Frames,Time,ROI A,ROI B
FPS,3.902,,,,,
Frame Avg,2,,,,,
Hz,1.951,,,,,
# Frames,600,,,,,
s/frame,0.512,,,,,
Total time (s),307.2,,,,,
Total time (min),5.12,,,,,
Pixel res,256,,,,,
Zoom,2,,,,,
Pixels/um,0.855,,,,,
,,,1,0,111.8982302,102.0361972
,,,2,0.512,112.9827636,103.0856042
,,,3,1.024,114.2531107,103.6255985
,,,4,1.536,113.3854944,103.7781948
,,,5,2.048,111.0544204,104.6283183
,,,6,2.56,109.8237323,104.8921538
,,,7,3.072,108.1643907,104.660022
,,,8,3.584,106.5658525,103.2377054
,,,9,4.096,104.804683,102.3028578
,,,10,4.608,103.8088994,102.1538724
,,,11,5.12,106.1114552,101.7409269
,,,12,5.632,109.2975929,100.927581
,,,13,6.144,109.6223489,100.1380972
,,,14,6.656,107.7198847,99.41459242
,,,15,7.168,107.0272589,99.92489182
,,,16,7.68,107.553584,100.3507028
,,,17,8.192,107.472109,100.5608282
,,,18,8.704,106.4927771,100.5326485
,,,19,9.216,106.384902,100.7725823
,,,20,9.728,107.7032163,101.5215604
,,,21,10.24,108.1652348,101.847273
,,,22,10.752,106.6667439,102.2064534
,,,23,11.264,103.7866765,102.7476033
,,,24,11.776,102.8558324,102.9525245
,,,25,12.288,102.9083629,103.0573817
,,,26,12.8,101.3420342,102.6956847
,,,27,13.312,101.655073,102.3263177
,,,28,13.824,102.735637,102.1615204
,,,29,14.336,105.0516265,102.3027373
,,,30,14.848,104.5092965,102.6131246
,,,31,15.36,104.493104,102.5988971
,,,32,15.872,103.4660576,103.1172548
,,,33,16.384,102.1884068,102.8312484
,,,34,16.896,102.3542997,102.9820076
,,,35,17.408,102.5415404,102.7887354
,,,36,17.92,103.7330165,102.7203402
,,,37,18.432,105.9265312,103.11612
,,,38,18.944,107.3553575,102.7562584
,,,39,19.456,108.0232392,102.5351256
,,,40,19.968,107.5998934,102.2457936
,,,41,20.48,106.6406465,102.2558967
,,,42,20.992,103.1972658,102.0666422
,,,43,21.504,100.1455179,101.0713694
,,,44,22.016,98.30120454,101.337502
,,,45,22.528,97.84582514,101.6544572
,,,46,23.04,99.72123163,102.3884382
,,,47,23.552,100.3974403,103.1085701
,,,48,24.064,102.4849104,103.1579943
,,,49,24.576,103.9063227,103.5049304
,,,50,25.088,104.8253667,103.5846805
,,,51,25.6,103.8389793,102.7122248
,,,52,26.112,104.1178102,101.4305334
,,,53,26.624,103.5028453,100.5955015
,,,54,27.136,102.2043749,101.1979734
,,,55,27.648,101.9778584,101.4337073
,,,56,28.16,103.3020183,102.4115699
,,,57,28.672,103.6512769,103.0222484
,,,58,29.184,102.5058971,102.9574416
,,,59,29.696,101.2386615,103.0086449
,,,60,30.208,101.1592586,102.4220689
,,,61,30.72,101.5144446,101.9622037
,,,62,31.232,103.3164845,101.2736433
,,,63,31.744,101.8695946,100.7750949
,,,64,32.256,101.82863,100.5586747
,,,65,32.768,100.336084,100.4645683
,,,66,33.28,102.9781077,101.3450375
,,,67,33.792,102.8594727,102.0148179
,,,68,34.304,102.0837247,102.220715
,,,69,34.816,104.3515475,102.7000541
,,,70,35.328,104.9703799,102.812003
,,,71,35.84,103.8456067,102.942886
,,,72,36.352,101.5994032,102.4163752
,,,73,36.864,98.98632936,101.9222442
,,,74,37.376,98.9119491,101.6214983
,,,75,37.888,97.66880142,101.9478147
,,,76,38.4,99.00634458,102.8488127
,,,77,38.912,95.5499375,103.0931961
,,,78,39.424,93.94011506,102.3994857
,,,79,39.936,93.82382805,102.7378397
,,,80,40.448,92.63715984,102.5948752
,,,81,40.96,92.02818916,101.9276523
,,,82,41.472,91.7762246,101.1487424
,,,83,41.984,94.63414919,100.3115797
,,,84,42.496,97.05603873,100.0499727
,,,85,43.008,101.3658649,100.8898042
,,,86,43.52,100.56954,101.1907487
,,,87,44.032,100.4343323,101.0613715
,,,88,44.544,99.50005907,100.7069282
,,,89,45.056,99.21037554,101.3538851
,,,90,45.568,98.16918323,100.9174938
,,,91,46.08,96.53783077,100.5433992
,,,92,46.592,94.69925749,100.162862
,,,93,47.104,95.05238298,99.68808599
,,,94,47.616,92.67526364,99.73989116
,,,95,48.128,92.57642085,99.35010912
,,,96,48.64,87.99691882,98.06362046
,,,97,49.152,88.88785749,98.03502049
,,,98,49.664,88.35605367,98.20086597
,,,99,50.176,90.19945234,99.23071156
,,,100,50.688,91.99011025,99.16340994
,,,101,51.2,94.39807197,99.23227062
,,,102,51.712,97.52482329,99.15552788
,,,103,52.224,97.92065702,98.6927944
,,,104,52.736,97.77471758,99.27956751
,,,105,53.248,98.2557877,99.15768456
,,,106,53.76,99.57762189,99.65319466
,,,107,54.272,101.2090379,101.3879902
,,,108,54.784,103.0422146,102.8854459
,,,109,55.296,105.5128014,103.9603163
,,,110,55.808,107.0471609,102.8352576
,,,111,56.32,108.8557427,102.2190025
,,,112,56.832,107.7706126,101.7502381
,,,113,57.344,104.7669801,100.9087302
,,,114,57.856,101.8841883,100.9965257
,,,115,58.368,98.08326956,100.8831291
,,,116,58.88,96.88653553,100.9490875
,,,117,59.392,94.61906024,100.6801452
,,,118,59.904,93.62160237,98.8462851
,,,119,60.416,94.48046649,96.92235242
,,,120,60.928,95.59503313,95.29873701
,,,121,61.44,98.11563703,94.48915703
,,,122,61.952,98.72383883,94.36794824
,,,123,62.464,100.3929061,94.65994424
,,,124,62.976,101.5478273,96.12505908
,,,125,63.488,103.7502828,97.60597934
,,,126,64,103.9072689,98.54215736
,,,127,64.512,101.6051106,98.25656668
,,,128,65.024,98.95911993,97.21290272
,,,129,65.536,99.29963213,97.51315965
,,,130,66.048,100.1728752,97.3039571
,,,131,66.56,98.08382199,96.34246622
,,,132,67.072,95.39527956,95.54891974
,,,133,67.584,95.16305516,94.86710956
,,,134,68.096,96.3529973,94.83115592
,,,135,68.608,96.10252501,94.72963318
,,,136,69.12,94.17849605,94.68772352
,,,137,69.632,94.82478506,94.02322572
,,,138,70.144,96.06800638,93.67949976
,,,139,70.656,96.6938833,93.78331497
,,,140,71.168,96.8823246,93.01776431
,,,141,71.68,94.80846107,93.75045444
,,,142,72.192,95.58991523,94.95590886
,,,143,72.704,99.25938547,96.50806367
,,,144,73.216,102.7045918,98.61729714
,,,145,73.728,104.9711203,99.34421344
,,,146,74.24,105.092844,100.0785691
,,,147,74.752,104.7007179,100.5111038
,,,148,75.264,101.7025043,100.9088825
,,,149,75.776,97.826431,100.9252281
,,,150,76.288,93.12303084,100.7313243
,,,151,76.8,89.83937736,102.1624867
,,,152,77.312,88.39833001,103.2570129
,,,153,77.824,90.52886226,103.2833344
,,,154,78.336,93.64271223,103.0258375
,,,155,78.848,97.27950876,101.5779973
,,,156,79.36,99.61630683,100.6877791
,,,157,79.872,102.9224051,99.9589362
,,,158,80.384,103.2119188,98.71970703
,,,159,80.896,103.6872321,97.80112367
,,,160,81.408,101.1714917,97.28877844
,,,161,81.92,102.6520779,96.98013686
,,,162,82.432,102.2559305,97.92491864
,,,163,82.944,101.3787529,99.06903357
,,,164,83.456,101.9303685,99.99549686
,,,165,83.968,100.5504314,100.3722237
,,,166,84.48,98.672379,100.0402969
,,,167,84.992,96.98276488,100.0272963
,,,168,85.504,95.60150826,99.46259161
,,,169,86.016,94.79139288,99.37102859
,,,170,86.528,93.3713861,97.93618684
,,,171,87.04,93.06853937,96.00982596
,,,172,87.552,91.16059018,96.47895501
,,,173,88.064,92.05219208,97.23197777
,,,174,88.576,95.62975802,97.87313544
,,,175,89.088,96.87945742,98.18431163
,,,176,89.6,96.67035014,98.80524567
,,,177,90.112,98.55050606,100.0245662
,,,178,90.624,100.2644647,100.8481762
,,,179,91.136,98.94516983,101.0207095
,,,180,91.648,98.28989641,99.65077907
,,,181,92.16,95.56004607,98.92030164
,,,182,92.672,95.84807233,98.95907605
,,,183,93.184,96.0047383,99.20196736
,,,184,93.696,95.82640027,98.7514701
,,,185,94.208,96.22903516,97.15061394
,,,186,94.72,96.88306075,96.91900807
,,,187,95.232,97.42957532,97.70274612
,,,188,95.744,96.21890002,99.03371239
,,,189,96.256,94.43962777,100.4459816
,,,190,96.768,92.5475575,101.0955277
,,,191,97.28,91.59347823,102.4647938
,,,192,97.792,94.77217084,103.4124229
,,,193,98.304,96.34726632,104.4496483
,,,194,98.816,99.82982201,104.5029167
,,,195,99.328,103.5762711,104.3853095
,,,196,99.84,105.360479,104.0250854
,,,197,100.352,102.6107874,103.4621285
,,,198,100.864,99.90893664,102.5803579
,,,199,101.376,98.57094823,101.5145668
,,,200,101.888,98.28761026,99.82530539
,,,201,102.4,99.10456822,98.75450165
,,,202,102.912,101.8712916,98.74364668
,,,203,103.424,102.6244663,98.74076508
,,,204,103.936,102.2392897,98.63750592
,,,205,104.448,98.45729651,97.9343292
,,,206,104.96,96.34192604,96.52458464
,,,207,105.472,93.13810622,95.0677293
,,,208,105.984,92.73752304,94.50761328
,,,209,106.496,93.85313365,94.25923767
,,,210,107.008,94.33792636,93.50119267
,,,211,107.52,94.8673944,93.78670982
,,,212,108.032,96.75598431,95.09182701
,,,213,108.544,98.16686091,95.86692038
,,,214,109.056,97.5957653,96.03861317
,,,215,109.568,97.26525271,96.29514746
,,,216,110.08,99.43039188,96.07975603
,,,217,110.592,100.7549037,95.68838185
,,,218,111.104,102.2583172,96.38705848
,,,219,111.616,102.7746703,96.72102683
,,,220,112.128,102.3296166,97.0931515
,,,221,112.64,102.8928513,98.18956729
,,,222,113.152,102.0247988,99.01622646
,,,223,113.664,102.6066893,98.81284437
,,,224,114.176,102.0931155,98.47006865
,,,225,114.688,101.4151021,98.68229451
,,,226,115.2,100.1081625,98.25578889
,,,227,115.712,98.44566334,98.19726522
,,,228,116.224,96.1303834,98.39245145
,,,229,116.736,94.97980131,98.44807314
